preToken,token,postToken,tokenPOS
koe,ki,te,prep
ka,kanga,tuatua,v
kua,koxputa,aia,v
kia,pau,-,v
tae,axpoxpox,i,n
e,rua,vaka,v
taqi,ngaquru,paqa,v
-,nox,roto,prep
te,tiare,-,n
one,ki,runga,prep
kiu,i,toxna,prep
a,avarua,-,n
maxnea,ripoti,nox,n
te,ngaxqi,vai,n
teina,o,rux,prep
-,ko,ngax,prep
ax,qea,taxtou,n
tei,roto,aia,n
mex,ki,texqea,prep
kia,raqi,te,v
e,tau,rava,v
qenua,patipika,-,n
te,tapati,-,n
te,oraqanga,nei,n
atu,i,runga,prep
a,tongaqiti,-,n
e,qaere,mai,v
-,ko,te,prep
kaxre,i,reira,prep
qe,taote,a,n
mea,tamaiti,varevare,n
o,obama,i,n
kia,tae,qua,v
au,tuxqanga,katoatoa,n
i,reira,i,n
te,mataqiti,i,n
ki,roto,i,n
qanga,i,te,prep
-,mei,reira,prep
i,roto,i,n
-,maxui,ex,n
kua,takatakaqi,aia,v
-,moxmex,tai,n
qe,viviki,ake,v
e,taxmou,qei,v
a,tara,-,n
tex,qaere,nei,v
te,taxtaxqanga,o,n
toru,rax,i,n
te,kino,kia,n
te,ingoa,o,n
e,qoki,mai,v
te,kopax,-,n
taqi,rua,toru,v
au,qakamaroqiroqiqanga,a,n
te,qakavax,i,n
qua,motu,tox,v
-,axkara,i,v
e,puxqaxpiqi,ana,v
ngax,ika,-,n
maxnea,o,te,prep
ki,roto,i,n
e,puxqaxpiqi,taxku,n
o,moturiki,i,n
taxtou,mei,a,prep
qe,vaka,tox,n
tapairu,ariki,-,n
taxmaka,o,rori,prep
ka,tunu,a,v
tuaxtau,mua,-,n
te,katoatoa,rava,n
runga,i,te,prep
te,ngutuqare,meitaki,n
karika,ariki,-,n
te,ture,e,n
qatu,qenua,ex,n
kua,oroqia,-,v
-,ko,au,prep
-,poxpongi,-,n
te,tuaxtau,mua,n
au,qakairo,mana,n
atu,ki,te,prep
te,kurix,i,n
i,texianei,-,n
reo,maxori,kuki,n
e,paxpax,-,n
kua,ko,paremoremo,prep
raxtou,pearl,mex,n
maxniania,kore,-,v
te,qinangaro,i,v
kua,qaere,raxtou,v
ripoti,nox,obama,prep
au,ki,vaqo,prep
nox,runga,i,n
te,tai,koko,n
e,tari,nax,v
-,mei,reira,prep
-,auraka,e,v
au,ki,a,prep
qe,kai,taxpae,n
tex,tixroa,qua,v
aia,ko,te,prep
ana,i,tox,prep
te,pux,iqi,n
-,tei,runga,prep
-,ko,te,prep
e,kivakiva,a,v
qe,qare,kai,n
-,i,te,prep
aia,i,te,prep
kua,qangaqanga,aia,v
taxtaxqanga,o,te,prep
e,ngaxtata,ake,v
ki,taqatai,-,n
e,rauka,i,v
atu,ki,reira,prep
-,ko,ureqia,prep
raro,i,a,prep
raxua,tixpuxqanga,i,n
te,toxrea,qe,n
ki,vaqo,-,n
-,ko,ia,prep
e,qakapexqea,ana,v
-,mokopuna,-,n
ki,roto,i,n
kua,paxqere,qia,v
papa,i,te,prep
mai,i,a,prep
i,qapai,mai,v
ngax,mataqiti,ax,n
qe,tuxmatetenga,maqata,v
ra,i,te,prep
kaxinga,ma,te,prep
ngax,tama,tokotoru,n
tixpuxqanga,i,te,prep
kua,pati,atu,v
te,tamaiti,-,n
o,rux,i,n
e,i,textaqi,prep
ana,ki,te,prep
i,reira,i,n
e,kai,ana,v
texia,mea,-,n
i,reira,te,n
texnax,nox,te,prep
te,qare,kai,n
ana,e,toxna,prep
a,tax,i,n
qe,aronga,qakateitei,n
te,mitiqaro,ex,n
te,puka,-,n
au,qenua,e,n
atu,ko,ia,prep
te,poke,-,n
au,i,te,prep
ki,reira,i,n
qe,atua,nox,n
a,tutapu,-,n
e,tae,atu,v
kavamani,qikikore,qia,v
au,i,raro,prep
qe,vaqeqau,aia,n
toxna,ngaxkau,i,n
kaxre,reira,te,n
tex,qakaqoki,qua,v
i,maquke,kaxre,n
nox,runga,i,n
te,reo,tahiti,n
aia,i,te,prep
ka,qaere,taxua,v
-,kakix,-,n
kua,qapai,katoa,v
au,qenua,mamaqata,n
-,nox,reira,prep
te,qaxpiqi,rua,n
tauatini,mataqiti,tei,n
-,pangia,-,v
te,navy,base,n
kua,topa,kex,v
taua,puruxmux,ra,n
taua,maui,metua,n
naxku,kai,i,v
tangata,i,te,prep
tangi,turituri,te,n
kiriti,i,te,prep
ko,tamariki,tei,n
reira,qenua,ex,n
aronga,koqi,moni,v
tamariki,i,te,prep
-,i,textaqi,prep
te,qoko,qitu,v
i,qaxkarakara,raxtou,v
taxqau,moni,qangaqanga,n
te,kaingaxkai,-,n
qe,papaqax,toxku,n
koqi,moni,i,n
te,tamaxroa,ra,n
i,roto,i,n
kua,noqo,aia,v
kia,oti,tox,v
teia,quipaxqanga,-,n
koe,i,texia,prep
mei,uta,ki,n
e,raxnuinui,a,v
kai,mexmeitaki,anake,v
qaxpiqi,nuxmero,-,n
reira,tei,a,prep
kurix,e,au,prep
tangata,ma,te,prep
tei,roto,a,n
atu,ki,roto,prep
te,moe,kaxpiti,v
kua,qaxkarakara,qua,v
nox,runga,mai,n
ka,qaere,mai,v
kua,noqo,aia,v
te,motoka,-,n
qe,tangi,turituri,n
te,qenua,nei,n
ex,tei,te,prep
qiriqirikapua,nox,runga,prep
i,roto,i,n
te,asd,-,n
kia,ranga-tux,toxqou,v
kai,i,a,prep
te,puka,-,v
ex,texianei,-,n
-,ko,te,prep
anake,i,roto,prep
ki,runga,i,n
qe,aqa,taxku,n
texrax,taime,-,n
kai,i,te,prep
toxna,atua,i,n
qakari,ki,roto,prep
te,papaqax,nei,n
kua,ox,katoa,v
-,ko,te,prep
te,aronga,pakari,n
tox,papa,-,n
-,i,te,prep
au,qare,kai-kai,n
-,ko,texia,prep
e,maxnea,tikaxi,v
raxtou,ki,taqatai,prep
akaina,i,texia,prep
ka,qaxkono,te,v
kua,kereitaqia,te,v
te,tax,puaka,n
nax,qakairo,qoki,n
taqito,nox,te,prep
a,mere,raxua,n
ka,qaere,qoki,v
ka,kanga,-,v
kua,ui,atu,v
kaxinga,o,te,prep
tei,tae,mai,v
te,niuniu,i,n
a,varokura,-,n
aqao,i,te,prep
au,taime,rava,n
kua,qaxpiqi,toxku,v
kaxqiroqiro-qanga,i,te,prep
e,marama,maxnea,n
-,kaxre,rax,v
-,tuxtaka,-,v
mei,mea,qe,n
but,i,texia,prep
te,chairman,qoki,n
te,vai,-,n
nax,runga,i,n
ka,oriori,nax,v
qina,i,tax,prep
te,qakamou,o,n
tex,noqox,ra,v
qe,rupe,-,n
-,tamariki,-,n
te,taxtaxqanga,o,n
ko,pepeqia,te,n
e,toru,mei,v
ki,raro,-,n
rax,ki,mua,prep
texia,qopenga,marama,n
au,responsibilities,-,n
qaxpiqi,o,te,prep
kia,mirimiri,au,v
te,tua,paxtoqi,n
te,roqi,-,n
qakaruke-qanga,i,a,prep
ake,i,te,prep
kia,qaxriki,ratou,v
te,piqa,i,n
kua,qaere,kex,v
tuatua,i,te,prep
kua,neneqi,qaere,v
texia,imene,mex,n
kua,qakaue,atu,v
kua,taxki,ki,v
te,reira,qakakoroqanga,n
e,tae,qua,v
te,vix,puaka,n
maxnga,i,te,prep
qia,e,texia,prep
e,ono,ax,v
ki,reira,ki,n
-,axpoxpox,kua,n
te,qiti-tangata,o,n
-,qakamaxroqiroqi,qua,v
te,maxori,ingoa,n
tei,tux,qia,v
mei,toru,rax,n
nei,i,texia,prep
a,maxmix,ki,n
te,paqix,ki,n
tiakana,nuraanga,-,n
tae,ki,textaqi,prep
texia,teata,i,n
te,tipunu,-,n
pare,pare,-,n
ko,arorangi,-,n
maquke,kaxre,e,v
ia,vai-toko,-,n
texia,tuaxtau,i,n
e,kai,ana,v
moni,qangaqanga,-,n
kua,motu,a,v
ki,roto,-,n
raxtou,i,axku,prep
te,tuaxtau,mua,n
raxtou,i,te,prep
e,qinangaro,i,v
ka,kau,taxua,v
o,tu,tapu,n
te,qare,ki,n
-,qo,te,prep
aia,i,te,prep
kaxpiti,i,te,prep
runga,i,texia,prep
au,aqiaqi,-,n
mai,i,texrax,prep
te,pux,qara,n
ko,tanu,kai,n
tuatua,meitaki,roa,v
e,qaxpiqi,ana,v
-,ko,te,prep
texia,moni,toe,n
new,caledonia,qeax,n
te,kara,o,n
nox,reira,i,n
aia,i,te,prep
ka,tux,rax,v
te,kaxinga,ma,n
aia,ki,ox,prep
textaqi,tangata,tei,n
tei,rama,kaveu,v
mex,ko,te,prep
kua,rongo,atu,v
te,poke,ki,n
atu,o,te,prep
te,vaqa,qakatereqau,n
muqu,tokerau,-,n
kua,kai,raxua,v
tuaqine,i,te,prep
maruqakaqita,i,te,prep
kua,tuku,qua,n
kua,tokotokoa,te,v
toxna,rongoqanga,ex,n
raxua,ki,qavaiki,prep
te,tourists,e,n
titiri,i,te,prep
taku,moxari,ki,n
te,ipukarea,o,n
kua,taxkave,i,v
te,aronga,koqi,n
te,ruru,i,n
textaqi,pae,o,n
e,qaere,mai,v
ra,i,te,prep
aia,nax,roto,prep
te,moni,e,n
tex,aqa,nei,v
raxua,ko,qina,prep
kumete,poi,-,n
nox,reira,te,n
-,i,vaitoroa,prep
mei,aqa,te,n
kaiqanga,i,te,prep
ngax,tamariki,i,n
i,kai,i,v
te,kaxinga,ma,n
te,reira,-,n
kia,qakakite,au,v
ki,rarotonga,-,n
meitaki,ki,te,prep
te,qaxkono,i,n
ra,ki,roto,prep
-,tei,roto,prep
-,ko,rangi,prep
kua,mate,te,v
-,iki,mai,v
maxui,qangaqanga,ra,n
aia,ki,raro,prep
toxna,nuku,vaqeqau,n
qakatereqau,o,te,prep
mex,rave,koxtou,v
te,qare,-,n
kia,qaxraxvei,viviki,v
ki,aitutaki,-,n
tama,tokotoru,-,n
raxi,i,texrax,prep
qakaaxri,i,te,prep
i,rave,-,v
kua,qakaqaxraxveiqia,mai,v
kua,tuku,atu,v
tuxqanga,o,te,prep
kua,rave,ake,v
kia,taxqangaqanga,meitaki,v
ia,a,taua,prep
a,papa,i,n
e,tae,mai,v
ingoa,o,te,prep
tox,ngaxra,mangaia,n
te,poke,ki,n
nei,i,reira,prep
maqata-qanga,o,te,prep
kua,karangaqia,ex,v
te,tangata,-,n
maxtou,i,a,prep
ngax,qenua,e,n
ngax,qenua,e,n
au,kai,mexmeitaki,n
-,ko,te,prep
taxqau,tamaxqine,-,n
aia,i,textaqi,prep
e,noqo,ana,v
qoa,rave,qangaqanga,n
te,qaxmama,qaxore,n
i,konei,-,n
-,i,reira,prep
kua,tax-manako,qia,v
ko,texqea,tax,n
ko,pae,ra,n
koe,i,taxqau,prep
inaxrax,i,te,prep
poke,e,te,prep
aia,i,te,prep
nax,runga,ake,n
qua,i,te,prep
textaqi,rua,meika,n
qe,mea,umuumu,n
tex,tunu,nei,v
e,i,te,prep
e,reka,ana,v
kua,qakatomo,i,v
qaere,ki,vaqo,prep
raxua,metua,rongonui,n
ki,roto,i,n
tua,taqito,nox,v
te,ika,ex,n
au,tuatua,ra,n
te,qaxpiqi-qanga,qaere,n
te,qatu,qenua,n
te,manamanatax,tei,v
kia,inuinu,qua,v
kura,ki,ngax,prep
qakatomo,i,tox,prep
i,vaitoroa,ka,n
qenua,i,raro,prep
kua,raxnuinui,aia,v
textaqi,o,texia,prep
te,kumete,poi,n
kurix,i,te,prep
te,manako,o,n
ki,mitiqaro,ka,n
ko,vaerua,o,n
-,pexrax,te,v
textaqi,i,textaqi,prep
au,i,te,prep
-,ko,te,prep
topa,ki,muri,prep
te,oraqanga,o,n
te,tanu-qanga,i,n
aia,i,reira,prep
aia,ko,ia,prep
te,qatu,-,n
ka,tupu,mai,v
ngax,rax,ki,n
nox,ko,au,prep
ko,qangaqanga,ia,n
e,taxkinga,meitaki,v
te,ngari,ex,n
te,topa,o,n
katoa,i,tox,prep
e,kana,koe,v
-,tei,te,prep
texia,poxpongi,-,n
ko,runga,tua,n
i,taxvavi,-,n
tapu,maxori,-,n
au,dexmoni,i,n
tangata,ruku,koxpuxpux,n
ki,roto,-,n
au,qenua,tei,n
raxua,ko,teariki,prep
koe,i,aia,prep
kua,tanu,raxtou,v
i,tuatua,nei,v
te,paqixrere,i,n
paqix,rere,kia,n
pae,i,a,prep
e,ngaxrax,noxna,n
puaka,a,te,prep
kua,mou,ko,v
i,teianei,-,n
te,puxqaxpiqi,maxori,n
mai,e,ngaxrax,prep
reira,qakakoroqanga,te,n
aia,i,te,prep
kua,qakaue,qia,v
te,reo,pukapuka,n
au,i,te,prep
qe,maqata,tox,v
te,qaremaki,-,n
qei,poe,paxrau,n
aia,ki,toxna,prep
ei,ki,te,prep
-,aereqaere,qua,v
te,qenuamanu,-,n
taxkave,i,te,prep
kua,viviki,te,v
tamariki,i,te,prep
taxrexrex,maxqine,tiare,n
au,i,toxqou,prep
toxna,paxtikara,matixni,n
aronga,ona,mirioni,n
a,roto,-,n
atu,i,te,prep
ko,qakakoroqanga,ia,n
kua,pexrax,qaere,v
o,rata,-,n
-,i,te,prep
ka,qaere,ki,v
taxtou,i,reira,prep
te,kai,nax,n
pakete,i,te,prep
-,nox,texia,prep
te,qapai,meitaki,v
te,reira,rax,n
ngax,rax,i,n
au,ngutuqare,-,n
te,reo,qoxu,n
tuaxtau,mua,tex,n
e,kaimoumou,qua,v
te,tero,a,n
ka,qaere,mai,v
paqi,taro,-,n
-,ko,te,prep
-,auraka,ki,v
taxua,ki,kox,prep
raxua,qixrava,taxmou,n
ona,mirioni,kia,n
ki,qenuamanu,-,n
te,qaxnani,-,n
tax,maxui,qangaqanga,n
te,qoroqenua,e,n
tangaroa,i,taua,prep
koe,ki,runga,prep
aꞌa,i,te,prep
taxtou,i,te,prep
kia,kix,te,v
roto,i,te,prep
qavaiki,kaxtoatoa,-,n
ax,mere,i,n
ki,mua,-,n
kex,o,texia,prep
e,qaere,atu,v
a,bond,james,n
ngata,ariki,-,n
qakaaxri,i,texia,prep
ara,internet,-,n
-,ko,ia,prep
-,i,te,prep
ka,moe,atu,v
-,tei,te,prep
te,aꞌa,i,n
a,rolando,-,n
qokotaqi,pox,ki,n
tae,ki,a,prep
ika,i,te,prep
kua,i,te,prep
au,manako,nox,n
ki,runga,-,n
kua,taxtuaxtauqia,e,v
e,noqo,ana,v
au,i,a,prep
raxua,ki,konei,prep
e,kimi,ana,v
nuti,mataora,-,v
aia,nox,te,prep
a,kae,-,n
te,vaka,o,n
mataxmua,a,te,prep
ka,tanu,a,v
-,ki,roto,prep
e,noqo,ana,v
roto,i,te,prep
oraqanga,o,te,prep
mea,mua,meitaki,n
ko,qatiu,-,n
toxqou,tuxranga,ex,n
i,kai,i,v
kua,qikiqia,qoki,v
te,pae,i,n
taqu,i,textaqi,prep
te,voxvera,tei,n
-,i,te,prep
rax,i,taxna,prep
pexrax,mario,para,n
ex,maitu,i,n
te,vaka,-,n
raxua,qenua,ki,n
te,oraqanga,o,n
textaqi,ngaxqi,ki,n
-,kaxre,e,v
te,tungaxne,i,n
qirinaki,qanga,texrax,n
ko,ingoa,texia,n
rorouira,qaxtuitui,tei,n
ki,mitiqaro,noa,n
kix,i,te,prep
te,ngaxqi,tanu,n
te,tuxtux,o,n
ra,i,tox,prep
au,qenua,ra,n
kua,kite,atu,v
qenua,ko,qavaiki,prep
te,qitinga,-,n
reira,i,a,prep
a,tangapatoro,ma,n
te,tipatimani,o,n
te,rongo,ex,n
-,qakarongo,koe,v
kua,qakariro,raxtou,v
mai,porinetia,-,n
-,nox,reira,prep
i,qano,atu,v
au,vaqine,ki,n
atu,ki,roto,prep
i,reira,kua,n
e,qakamaqore,i,v
tangapatoro,ma,te,prep
te,treat,-,n
te,taro,-,n
te,ika,i,n
tuatua,tapu,maxori,n
e,qoronga,ana,v
mea,nox,runga,prep
mea,kaxre,qoki,v
kua,quti,i,v
te,poke,e,n
roa,o,te,prep
te,tamariki,tei,n
mea,nunui,-,v
ra,ki,a,prep
kia,tomo,atu,v
tex,pexqea,nei,v
te,reo,maxori,n
papa,i,toxna,prep
taxna,qangaqanga,-,n
obama,i,tax,prep
mua,a,te,prep
ka,pexrax,katoa,v
taua,tamaiti,ra,n
te,poxpongi,-,n
qakaue-qanga,a,aotearoa,prep
te,matangi,-,n
aia,i,taua,prep
taxuruqia,ki,roto,prep
texnax,tuatua,nox,n
au,qoa,rave,n
-,a,te,prep
ruru,i,toxku,prep
textaqi,ana,-,n
taro,i,vaqo,prep
kia,orana,e,v
te,kai,-,n
te,roa,o,n
tuxqanga,o,te,prep
-,ei,reira,prep
e,taqetaqe,mai,v
-,nui,-,v
tuatuaqia,ko,rarotonga,prep
roto,i,te,prep
toxku,pona,-,n
ka,kata,taxua,v
kua,rave,mai,v
e,qakakite,mai,v
texia,rorouira,qaxtuitui,n
nox,qakamax,-,n
kua,qaere,atu,v
mataqiti,i,te,prep
ko,tere,toxna,n
oxna,mataqiti,kua,n
neneqi,qaere,i,v
-,meitaki,-,v
reira,rax,katoa,n
kua,pexqea,taxqau,n
ka,qaere,ana,v
-,ko,te,prep
mea,tei,textaqi,prep
raxtou,ki,textaqi,prep
au,qapinga,tunu,n
te,maqataqanga,o,n
nax,roto,mai,n
e,moana,-,n
au,qakairo,ex,n
ko,rangi,toxku,n
tangata,nutireni,kaxtoatoa,n
raxtou,e,te,prep
taxku,qangaqanga,moni,n
koe,ki,textaqi,prep
kai,i,te,prep
kua,paxpax,te,v
kaxre,axnga,te,v
e,tiaki,ana,v
te,kai,i,n
tex,aqa,na,v
mai,i,texqea,prep
aia,ki,aitutaki,prep
raxtou,i,vaqo,prep
te,kurix,-,n
rave,ko,ia,prep
te,kaingaxkai,e,n
a,paxpa,-,n
nax,mua,ko,n
e,reka,ana,v
navy,base,maxnea,n
-,tupu,-,v
te,vaqine,maxnea,n
te,qaxpikexqanga,te,n
qe,qenua,tox,n
aia,ki,te,prep
ki,mua,-,n
reira,nox,te,prep
ngax,taxmaka,o,n
kia,qakamaqara,qakaqou,v
tere,i,te,prep
-,ko,ia,prep
a,tere,-,n
qenua,ki,tox,prep
i,vaqo,mai,n
te,qakaqaere,mua,n
aia,i,te,prep
tangata,mako,e,v
-,ko,ia,prep
e,taxmaqiti,i,v
texia,vaqine,-,n
tei,rave,i,v
-,i,te,prep
i,raro,i,n
te,tipunu,-,n
te,motoka,i,n
texia,maki,-,n
te,tuaqine,i,n
qare,kai-kai,i,n
koe,axpoxpox,-,n
qia,e,te,prep
qixpana,ngaro,quaqia,v
qapinga,maxnea,roa,v
-,ma,texnax,prep
-,vaqine,-,n
qakaqaere,mua,-,n
qei,taura,qoxu,n
e,noqo,ana,v
te,vaqine,pakari,n
kua,mou,ngax,v
tei,tuxqia,e,v
-,maqara,-,v
-,mei,te,prep
te,tamaiti,kia,n
ei,ma,te,prep
au,tangata,tei,n
-,pare,toxqou,v
e,rauka,i,v
te,mea,tikaxi,n
raxua,ma,te,prep
atu,i,toxku,prep
qiti-tangata,o,moturiki,prep
qe,qangaqanga,mei,n
i,roto,i,n
ex,ko,te,prep
a,tere,i,n
tae,ki,te,prep
e,toru,raxi,v
tei,kata,te,v
taua,qenua,i,n
ki,runga,i,n
taxqau,i,kona,prep
aia,i,te,prep
qapinga,ki,roto,prep
te,taura,-,n
axe,qaere,atu,v
-,ko,te,prep
kua,tixtix,rava,n
te,taro,i,n
piqa,i,qaruru,prep
qapai,meitaki,atu,v
tatau,puka,-,n
textaqi,pae,-,n
toxna,tux,pakipakitai,n
tuxtux,o,taua,prep
kia,qakatikaqia,koe,v
kua,qaere,ana,v
e,tuqa,takirua,v
te,kimi,i,n
te,maxniania,kore,n
te,rave,i,v
pexnei,oti,paqa,v
-,tae,maxtou,v
-,ko,te,prep
qenua,ki,textaqi,prep
tere,o,rata,prep
au,i,te,prep
taua,aqi,ra,n
raxtou,i,te,prep
kua,taxki,nax,v
qe,paitikara,toxku,n
ki,reira,-,n
kua,mataora,a,v
axe,teariki,-,n
kua,kai,te,v
te,ao,te,n
te,meika,ki,n
te,pox,mua,n
-,kaxre,qua,v
kua,taqero,qia,v
ex,muqu,tonga,n
ka,qaere,ana,v
kuki,airani,-,n
te,maxnga,-,n
au,tauatini,mataqiti,n
tamariki,qaxpiqi,tapati,n
te,pexpe,te,n
raxua,ki,reira,prep
ngax,atua,-,n
i,qaere,qakaqou,v
-,tangata,-,n
au,tuxqanga,e,n
tex,tiaki,araxpox,v
toru,mei,te,prep
-,kaxre,nox,v
kua,tanumia,textaqi,v
tei,qea,te,n
qare,a,ngata,prep
ki,new,caledonia,n
-,i,te,prep
raxua,ki,textaqi,prep
kanga,tuatua,kanga,v
-,tiki,i,v
qaremaki,i,maquke,prep
e,ki,raro,prep
au,tangata,ka,n
-,ko,vai-o-toko,prep
texnax,mea,ki,n
o,mana,-,n
ka,tieni,ake,v
i,qangiqangi-qanga,te,n
te,tuaxtau,rangimarie,n
umuumu,maqataqia,kia,v
rereqanga,nax,runga,prep
i,tu,qia,v
maxori,aotearoa,-,v
epetoma,ki,afrika,prep
naxku,i,kai,prep
te,qaxkono,i,n
tex,aqa,nei,n
ka,tux,ra,v
te,puaka,-,n
kua,qaxriuriungatax,aia,v
tei,piri,mai,v
tu,tapu,-,n
tuia,qei,kia,n
-,vaqine,-,n
ka,qaxkara,ex,v
qapinga,tunu,kai,v
mai,ki,texianei,prep
e,vaka,tei,n
e,manganui,i,v
toxna,metua,-,n
textaqi,aqi,maqata,n
-,i,taxvavi,prep
-,miri,-,v
qei,tangata,-,n
te,pax,qenua,n
kua,kai,ngax,v
e,kai,ana,n
rave,i,te,prep
kaxinga,i,te,prep
roto,i,te,prep
texrax,e,te,prep
te,mea,nox,n
kua,kix,te,n
kaxre,viti,e,n
-,vaxnanga,-,v
quot,nax,moenau,prep
maxkaqia,e,texia,prep
kua,ux,te,v
ki,konei,-,n
-,vexqix,-,n
pax,qenua,kaxtoatoa,n
rax,i,toxna,prep
te,puxqaxpiqi,maqata,n
o,kura,ki,n
au,ki,ax,prep
kua,qiki,raxtou,v
tipatimani,o,te,prep
reira,ki,a,prep
vaqine,qakateretere,i,v
-,maxori,aotearoa,n
te,qopenga,mataqiti,n
kua,qaere,atu,v
kua,qox,ake,v
-,ko,texqea,prep
kaxre,tangata,mako,n
te,kumete,-,n
au,ana,kex,n
qoki,ko,qatiu,prep
textaqi,qope,o,n
ko,qai,au,n
kia,axru,tox,v
qenua,pareqau,tikaxi,n
koe,i,texia,prep
i,totoqu,i,v
taxkiri,ki,a,prep
qakaqaere,qoxu,i,v
noqoqanga,ki,runga,prep
ra,axe,-,n
nox,rarotonga,mai,n
ka,rua,-,v
-,kai,ana,v
kua,ravea,te,v
ka,qinangaro,tikaxi,v
raro,i,te,prep
-,mana,-,n
e,noqo,e,v
te,oxpati,-,n
au,i,te,prep
taura,qoxu,-,v
te,puxqaxpiqi,-,n
te,tai,-,n
ka,qaxkara,-,v
qiti,tangata,kia,n
kia,axru,ki,v
te,reira,i,n
-,ko,au,prep
kia,taxuruqia,ki,v
-,i,te,prep
texia,tangata,-,n
qua,i,te,prep
raxi,epetoma,i,n
maxori,nutireni,-,n
qara,tai,-,n
tex,qei,nei,v
te,tuxqanga,o,n
e,qangaqanga,ana,v
toxna,ngutuqare,-,n
au,nox,qea,prep
qare,iti,-,v
au,ki,rarotonga,prep
tua,o,te,prep
te,qanga,i,v
vaqo,inanaqi,-,n
nax,rima,ei,n
e,taxpeka,koe,v
te,tamariki,e,n
i,roto,i,n
nax,qai,koe,n
ngaxqi,tanu,kai,n
te,qapinga,maxnea,n
te,reira,nox,n
mai,ki,a,prep
motoka,i,texrax,prep
taua,tamaiti,axna,n
tox,manako,raxi,n
e,pini,qua,v
au,ingoa,-,n
qe,aqa,te,n
te,moenga,qei,n
aia,nox,te,prep
koxpux,o,te,prep
i,qaere,taxqaxkax,v
textaqi,pae,i,n
qaka-tupua,i,te,prep
ax,konei,i,n
te,tamaiti,-,n
au,mea,e,n
ex,nox,reira,prep
kua,qapai,aia,v
mei,reira,-,n
te,qara,-,n
a,mex,-,n
ko,mea,mua,n
ex,maquke,-,n
ka,qakatoro,i,v
textaqi,maxnga,i,n
qia,e,te,prep
i,manako,ana,v
te,pax,qenua,n
kua,noqo,qia,v
qinangaro,i,texia,prep
e,riro,ana,v
kaxre,tangata,-,n
te,qaxraxvei,atu,v
ko,vai-o-toko,-,n
raxtou,ki,taqatai,prep
kia,qakamata,ki,v
qangaqanga,moni,-,n
teata,i,konei,prep
qakamata,ki,runga,prep
qakairo,mana,qe,n
ki,roto,i,n
nax,qai,i,n
aronga,qakateitei,mai,v
i,reira,kua,n
pux,toru,-,v
-,qaxraxvei,-,v
te,vaka,-,n
a,mana,i,n
ngaxrax,noxna,-,prep
-,kaxre,au,v
maxua,i,tax,prep
koxtou,koxpapa,qei,n
te,tamariki,tamaxroa,n
puka,ki,axku,prep
te,aqiaqi,i,n
te,rere,mai,n
-,aere,ki,v
qe,karere,qoki,n
pae,i,texianei,prep
e,taqi,ngaquru,n
te,paxrau,-,n
to,tamaxqine,-,n
kua,vaqine,naxna,v
tuatua,qakakitekite,kex,v
mex,kaxpiti,raxua,v
-,i,reira,prep
te,tuatua,nox,n
kia,kiriti,i,v
topa,o,te,prep
axe,axe,-,n
toxqou,rax,qaxnau,n
au,teina,o,n
koxpux,i,te,prep
toxna,ngaxkau,i,n
ka,e,ia,prep
i,kite,aia,v
te,qaremaki,i,n
ki,qavaiki,runga,n
raxtou,i,texia,prep
te,tauturu,i,v
te,qakatangiqanga,i,n
then,qaere,maxtou,v
au,ki,tax,prep
ki,qea,te,n
a,tauri,raxua,n
toxna,qau,-,n
qe,taeake,papaqax,n
te,vaka,-,n
ka,paxpax,au,v
te,maki,marexria,n
-,nox,toxku,prep
au,teina,o,n
te,reira,qenua,n
kua,kake,taua,v
te,taro,i,n
kua,taxtou,taxtou,v
te,qare,-,n
te,toroka,-,n
taua,tamaiti,ra,n
qope,o,te,prep
tiopu,vaivai,-,v
qe,mangaia,i,n
konei,i,te,prep
paqixrere,i,taua,prep
-,ko,au,prep
kia,vave,-,v
kua,qaere,raxtou,v
-,tamariki,-,n
i,rauka,-,v
au,qoe,-,n
raxtou,nox,roto,prep
ki,reira,tei,n
kaxre,nox,koxtou,prep
te,manu,e,n
i,pou,te,v
i,kai,i,v
texqea,tuatua,papaqax,n
tei,karangaqia,ex,v
te,maxtipi,-,n
-,aqao,i,v
ki,afrika,-,n
ki,runga,i,n
qakamaqara,qakaqou,qia,v
mea,umuumu,maqataqia,v
ra,ki,roto,prep
au,tuqanga,i,n
tuaxtau,i,a,prep
runga,i,te,prep
roto,i,te,prep
e,qoki,-,v
ka,tae,axpoxpox,v
textaqi,epetoma,ki,n
aia,ki,raro,prep
qixmene,varaire,maqana,n
qei,vaqine,qakateretere,n
te,toetoe,-,n
pae,o,te,prep
axru,ki,qenuamanu,prep
kua,qaereqaere,a,v
te,tioxpu,vaivai,n
au,vaqine,maxnea,n
i,rax,kua,n
au,i,a,prep
a,maruqakaqita,i,n
a,mama,e,n
te,moe,-,n
kua,qapai,atu,v
runga,tua,texnax,n
kua,varea,raxtou,v
kox,i,te,prep
-,tei,roto,prep
auraka,ki,toxna,prep
-,muxtexkix,-,v
e,mako,ana,v
au,tamaxqine,e,n
-,kaxre,e,v
ua,ax,texia,prep
e,toru,-,v
kia,meitakiqia,koe,v
-,ko,ia,prep
e,rere,mai,v
runga,i,te,prep
ox,tinirau,-,n
kua,e,chris,prep
-,ko,te,prep
tiki,reira,i,n
taxki,ki,runga,prep
te,qaxpiqi,nuxmero,v
qaere,i,te,prep
e,rima,te,v
-,kaxre,tox,v
kia,maqana,te,v
kua,qakavaitata,atu,v
reo,pukapuka,-,n
i,kai,ana,v
raxua,ma,te,prep
mai,ki,texia,prep
qia,e,ngaxuta,prep
au,toetoenga,o,n
mex,rere,aia,v
-,ma,te,prep
e,taqi,taime,v
atua,nox,te,prep
roto,i,toxqou,prep
kua,rave,kino,v
te,taxpoki,katoa,n
ki,muri,-,n
a,mama,ex,n
tamaiti,varevare,-,n
nox,toko,te,n
mana,i,a,prep
e,manamanatax,au,n
e,tanu,kai,v
e,vaoqo,raxi,v
tanu,kai,taxna,n
-,ko,te,prep
tei,reira,textaqi,n
te,tangata,i,n
texia,kutu,ki,n
-,ko,ia,prep
e,toru,-,v
te,mua,i,n
-,nox,rarotonga,prep
montex,pureruru,qixmene,n
kua,qinangaro,a,v
qare,mokopuna,-,n
qaxkara,tika,qua,v
te,rangi,tuatoru,n
vaka,ki,te,prep
roto,i,te,prep
a,vaqo,-,n
te,paxkau,qoki,n
kua,rave,mai,v
te,kape,-,n
qakatere,ki,uta,prep
te,qora,-,n
tangata,ki,runga,prep
runga,i,aia,prep
ko,teariki,teau,n
mai,ki,runga,prep
te,maqata-qanga,o,n
tiare,o,texia,prep
tari,nax,kotou,prep
qoki,o,te,prep
te,tipunu,-,n
te,qoxire,ko,n
raxua,ingoa,-,n
kua,qoki,maxrie,v
satellite,i,te,prep
raxua,i,te,prep
ariki,i,te,prep
kua,teretere,aia,v
tei,topa,ki,v
ki,runga,nei,n
tex,noqo,ra,v
aia,i,te,prep
i,roto,i,n
rax,qaxnau,qanga,n
a,karika,ariki,n
-,mokopuna,-,n
-,kaxre,raxi,v
te,tangata,uiui,n
atu,kaxre,mai,v
maki,marexria,-,n
te,tuaxtau,mua,n
textaqi,i,textaqi,prep
ko,tuatua,meitaki,n
-,karanga,atu,v
ka,tere,atu,v
te,kai,ex,n
qei,kie,-,n
-,qaere,mai,v
vix,puaka,pix,n
ka,piri,atu,v
rama,kaveu,raxua,n
ax,nax,roto,prep
ko,qai,texrax,n
te,qakakite,ki,n
-,ko,textaqi,prep
e,arataki,i,v
a,rarotonga,nei,n
e,roa,ake,v
a,aotearoa,kia,n
ngaxqi,ki,textaqi,prep
maxtou,nox,te,prep
kua,kite,aia,v
te,huqi,ex,n
raxtou,riri,i,n
mex,qaqaki,-,v
kia,viviki,qakaqou,v
te,tuaqine,-,n
i,qoki,raxua,v
tangata,i,texia,prep
maqataqanga,o,texia,prep
-,taria,mai,v
ki,runga,i,n
te,i,te,prep
tauturu,i,te,prep
taxne,ko,vaeruarangi,prep
ra,i,reira,prep
-,tangata,-,n
a,pax,-,n
kimi,qenua,nox,n
aia,nax,runga,prep
i,puxqaxpiqi,ana,v
e,toru,-,v
ka,kai,au,v
-,inangaro,-,v
a,mama,i,n
aia,i,a,prep
e,chris,raxtou,n
koxrero,o,qakatokamanava,prep
rave,i,te,prep
te,reira,ka,n
runga,i,te,prep
textaqi,aronga,kex,n
oxna,mataqiti,toxna,n
i,tuaxtau,mua,n
au,i,te,prep
ko,puka,maxnea,n
qaruru,ei,-,n
mai,ki,roto,prep
ana,e,toxna,prep
i,muri,mai,n
te,tangata,i,n
metua,ki,ax-ia,prep
aqi,maqata,ex,v
e,maxtipi,nei,v
-,auraka,e,v
te,aronga,ona,n
te,qenua,-,n
nax,ngangati,e,n
vai,paxqix,i,n
te,puxraxkau,-,n
te,satellite,i,n
e,qaqao,i,v
katoatoa,i,aia,prep
te,tix,-,n
te,army,but,n
-,nox,texrax,prep
qavaiki,runga,-,n
au,roqi,maki,n
-,i,te,prep
textaqi,mero,o,n
aia,ki,te,prep
i,reira,taxna,n
textaqi,qenua,-,n
-,ko,te,prep
taua,qapinga,ki,n
kua,mate,-,v
tamariki,nox,textaqi,prep
textaqi,i,kox,prep
mex,ki,texqea,prep
roto,i,te,prep
-,ko,rangi,prep
qenua,matoqa,qaere,v
-,tei,afghanistan,prep
kua,qakaqungaqungax,tixtix,v
e,kix,i,v
-,ko,tox,prep
ki,roto,i,n
tua,paxtoqi,republican,n
au,vaqine,i,n
i,kai,ana,v
-,rere,atu,v
texrax,qirinaki,qanga,n
-,ko,ia,prep
e,tax,i,v
tangata,uiui,tuatua,v
te,paikiqanga,mai,n
tero,a,te,prep
vaqo,inanaqi,-,n
te,tere,o,n
texia,nox,te,prep
taqi,ngaquru,oxna,n
maxmix,ki,kox,prep
paxtiaqanga,i,te,prep
ra,i,a,prep
ngax,vaevae,-,n
au,i,te,prep
e,pekapeka,textaqi,n
raxua,ma,te,prep
e,kite,ana,v
te,kaxkaqu,tau,n
te,tiki,i,v
tei,kaxinga,aia,n
paxqix,i,tuatuaqia,prep
tei,roto,aia,n
rux,i,te,prep
ka,taqi,-,v
roqi,maki,-,n
kia,orana,e,v
aia,ma,te,prep
-,nox,raro,prep
ka,qakapax,maxtou,v
qe,qangaqanga,kino,n
ki,runga,i,n
taqi,toru,-,v
toxna,rereqanga,nax,n
te,tamaki,i,n
raxua,metua,kia,n
te,tuatua,-,n
kai,i,te,prep
textaqi,qenua,kex,n
e,kanga,-,v
i,tuatuaqia,ko,v
tuqanga,i,vaqo,prep
ka,tau,kia,v
ka,tamaki,nox,v
te,tuatua,tapu,n
ngax,pux,toru,n
au,tuxranga,noqoqanga,n
te,reo,pukapuka,n
te,qakaue-qanga,a,n
ia,taura,-,n
aroqa,i,a,prep
taku,ingoa,-,n
e,tuqa,ana,v
qe,maqata,te,v
maxtou,aroqa,i,n
-,qaxraxvei,ake,v
runga,i,te,prep
kaingaxkai,e,au,prep
ngutuqare,meitaki,ex,v
te,tangata,nei,n
quipaxqanga,mua,a,n
tei,qea,a,n
puxqaxpiqi,maqata,-,v
ki,texianei,ex,n
te,pax,qenua,n
qaere,qakaqou,atu,v
tox,manakoqanga,ex,n
ka,vai,e,v
kua,paxpax,te,v
kara,o,te,prep
-,maunga,-,n
qakakite,ki,a,prep
tox,kae,-,n
textaqi,kotinga,tero,n
tae,ki,textaqi,prep
mex,compare,au,v
te,kavamani,qikikore,n
raxtou,i,te,prep
e,qakaqoro,viviki,v
mea,tamaiti,ra,n
ngax,metua,i,n
-,ko,tere,prep
qenua,i,te,prep
kua,noqo,mai,v
texia,tux,-,n
te,reira,taime,n
kua,rere,mai,v
i,kai,raxtou,v
mua,ko,te,prep
ara,ki,rapanui,prep
ki,maquke,ex,n
runga,i,te,prep
ko,tax,ngax,n
mama,mere,te,n
te,tuaxtau,-,n
-,kaxre,axinei,v
paqix,ki,maquke,prep
ex,ngaxtipaqaki,-,n
kai,taxpae,qia,v
te,evangeria,-,n
i,qaxkara,ana,v
kia,tae,ki,v
nuku,vaqeqau,-,n
rave,i,roto,prep
koe,ki,te,prep
i,roto,i,n
koxtou,i,te,prep
runga,i,tax,prep
-,qoro,mai,v
qaxpiqi,rua,-,v
a,tangaroa,i,n
nutireni,kaxtoatoa,i,n
kua,ropa,taxtou,v
te,kurix,e,n
ngax,rima,ex,n
te,qakaea,mex,n
e,noqo,nei,v
koe,ki,runga,prep
nax,rima,ei,n
oriori,nax,taqatai,prep
ki,runga,-,n
texia,qakairo,nei,n
te,ariki,-,n
textaqi,toroka,ex,n
e,taxqangaqanga,i,v
au,ki,vaqo,prep
aia,ki,te,prep
ra,ki,runga,prep
tex,puqa,kaxkaqu,v
vaqo,inanaqi,-,n
ariki,o,texrax,prep
raxua,ki,qavaiki,prep
mea,tau,kia,v
au,i,te,prep
toxna,ingoa,-,n
ika,max,texnax,prep
e,oti,-,v
kia,mate,a,v
rave,qangaqanga,te,n
qe,mea,tau,n
nox,raro,mai,n
a,tere,i,n
roto,i,te,prep
matoqa,qaere,mai,v
ra,karanga,atu,v
-,tuaqine,-,n
i,qaruru,ei,n
ki,roto,i,n
te,ua,-,n
ka,qapai,-,v
kia,qaere,meitaki,v
i,rave,i,v
taxqau,qakari,ki,n
-,tei,tox,prep
kua,e,te,prep
tex,tixpux,raupax,v
te,kai,-,n
pux,iqi,-,n
i,tae,atu,v
a,paenui,i,n
-,aere,mai,v
te,tamariki,qaxpiqi,n
e,ngax,-,n
nax,qai,i,n
i,roto,i,n
ex,ko,mariri,prep
aere,ki,te,prep
ko,taratoa,-,n
raro,i,a,prep
-,tei,roto,prep
-,pangia,-,v
textaqi,mea,tamaiti,n
te,koxpux,i,n
i,vaqo,inanaqi,n
kaxkaqu,tau,nox,v
reo,qoxu,taxkiri,v
tei,roto,aia,n
texia,quipaxqanga,mua,n
dexmoni,i,roto,prep
ka,maqata,atu,v
ana,riro,mai,v
ki,taqatai,-,n
a,rori,-,n
taxtou,ki,mitiqaro,prep
meika,mario,raxnuinui,n
tei,noqo,qia,v
e,qangaqanga,ana,v
te,tai,-,n
nei,ki,runga,prep
ko,tumu,-,n
kua,mate,aia,v
atua,i,te,prep
-,kata,maxtou,v
mex,imene,qia,v
tex,pexqea,nei,v
taxtou,i,teia,prep
niuniu,i,toxna,prep
-,ko,tox,prep
-,tei,roto,prep
ki,taqatai,-,n
kia,kore,te,v
axpoxpox,i,te,prep
ki,raro,i,n
qakaqoro,viviki,ana,v
ka,qoxpara,a,v
ka,meitaki,tox,v
ra,ki,tuatea,prep
ia,qapinga,-,n
qe,manu,texrax,n
kia,qaxkara,aia,v
-,tei,te,prep
te,tuxtaka,i,v
te,roto,puaka,n
-,ko,te,prep
te,ui,raxi,v
taku,kuxmara,-,n
ka,qaere,taxtou,v
ex,maxui,ex,n
a,ngata,ariki,n
maxua,tamariki,-,n
i,kai,i,v
kua,tae,mai,v
raxtou,ko,toxna,prep
e,qaere,atu,v
tax-raxtou,english,e,n
kua,tuxpaqu,atu,v
texia,moni,ki,n
maui,metua,ra,n
maxnganui,i,roto,prep
qopenga,marama,-,n
qaxpiqi-qanga,qaere,mai,v
kia,orana,e,v
tangata,taxraqu,i,n
maxtou,i,titikaveka,prep
roto,i,te,prep
a,tauri,kia,n
e,meitaki,atu,v
raxua,kuxmara,-,n
qei,mata,-,n
raxtou,ki,te,prep
vaqine,maxnea,rava,v
rangi,tuatoru,-,n
te,moana,-,n
au,tangata,nutireni,n
raxtou,i,textaqi,prep
i,raro,i,n
puxqaxpiqi,maxori,nutireni,n
roto,i,te,prep
e,qaere,koe,v
pexrax,qaere,qua,v
auraka,qoxronga,qua,v
runga,i,te,prep
vaka,e,raxtou,prep
te,qakavax,nui,n
kua,riri,maqata,v
ex,mata,i,n
atu,i,te,prep
tox,raro,-,n
i,reira,-,n
raxtou,i,a,prep
te,tai,-,n
i,taxqaxkax,qua,v
e,toru,-,v
tei,tupu,-,v
toxna,noqoqanga,ki,n
te,vai,paxqix,n
roto,i,a,prep
-,puxngaxverevere,-,n
roto,i,toxqou,prep
ratou,i,te,prep
mai,i,te,prep
pax,qenua,patipika,n
-,maqara,-,v
qaere,ki,qavaiki,prep
te,oraqanga,o,n
-,tei,roto,prep
pax,qenua,kaxtoatoa,n
ko,qangaqanga,mua,n
toxna,paxtiaqanga,i,n
kia,tae,koe,v
ex,ko,qai,prep
te,kiteqanga,o,n
te,qenua,-,n
mama,i,te,prep
metua,rongonui,-,n
tux,pakipakitai,-,n
ko,rangi,taku,n
kua,qapai,-,v
te,ngenengene,e,n
te,qaxngai,-,v
qe,meitaki,tana,v
kia,maxroqiroqi,koe,v
te,tamaiti,-,n
moni,ki,textaqi,prep
aia,i,te,prep
i,rave,ko,v
ka,qokona,e,v
i,rarotonga,nei,n
taxtou,ratio,ex,n
ko,tamaiti,mataxmua,n
manako,nox,runga,prep
-,tiaki,-,n
e,kauraro,ki,v
au,tamaxroa,-,n
te,qau,-,n
qe,tamariki,-,n
taxki,nax,runga,prep
ka,qano,maxtou,v
koe,i,ax-ku,prep
ngax,toa,quritumu,n
qakaqaereqanga,o,te,prep
reo,pukapuka,-,n
qe,tune,kex,n
maxori,kuki,airani,n
mea,ki,qea,prep
koe,ki,a,prep
te,vaka,ki,n
textaqi,tangata,ma,n
i,tae,mai,v
tax,puaka,a,n
te,kaxveka,-,n
ko,inapox,tax,n
kua,tupu,iqo,v
te,toe,i,n
ngax,tamariki,i,n
roto,i,tox,prep
tei,afghanistan,-,n
qangaqanga,mei,tax,prep
e,kai,ana,n
kia,moana,-,n
te,patipika,-,n
vaerua,o,texia,prep
aia,ki,taxna,prep
rave,i,teia,prep
roto,i,a,prep
mua,meitaki,rava,v
ka,ui,qia,v
pakari,o,texia,prep
koe,i,te,prep
i,reira,au,n
kia,manuia,koe,v
qua,i,toxna,prep
au,tuxqanga,kex,n
qua,ki,mua,prep
karanga,i,reira,prep
tei,roto,qua,n
e,qaere,koe,v
qanga,ki,toxna,prep
imene,maxnea,-,v
ana,i,texia,prep
ka,ax,qea,prep
bond,james,-,n
textaqi,qapinga,qua,n
a,france,kaxtoatoa,n
te,kix,-,v
raxua,i,taua,prep
qe,maxnganui,i,v
qixrava,taxmou,ngaxkau,n
kua,tae,mai,v
tax,i,a,prep
kia,titiri,i,v
mex,tangata,piripou,n
kua,paxtex,mai,n
kaiqanga,kava,-,n
te,taxiaqanga,o,n
te,mario,para,n
ana,i,a,prep
tana,paxtikara,matixni,n
te,tangata,ra,n
maxori,ingoa,ko,n
raxtou,i,te,prep
kua,exkoxkox,a,v
-,vaxqi,-,v
nei,i,tax,prep
quti,i,tox,prep
texrax,mea,nunui,n
nei,i,texrax,prep
ake,i,te,prep
-,kaxre,te,v
metua,i,axku,prep
kai,e,te,prep
kua,auex,raxnuinui,v
paxtoqi,republican,-,n
nax,moenau,-,n
kia,inuinu,qua,v
tungaxne,i,te,prep
mex,kaikai,kaxpiti,v
te,toa,ia,n
nuti,pepa,ex,n
rava,i,te,prep
tuxtaka,i,te,prep
-,tei,te,prep
taua,tamaiti,ra,n
koe,i,texnax,prep
kua,qaere,qua,v
-,mei,te,prep
ka,qakaqoro,a,v
kia,riro,raxi,v
te,vai,e,n
toa,quritumu,ia,n
raxtou,i,te,prep
qaxpiqi,tapati,-,n
koe,i,exnax,prep
ka,kix,te,n
ia,o,te,prep
ka,topa,te,v
kua,qaere,viviki,v
te,tuxtaki,i,v
te,qare,iti,n
te,ariki,-,n
qei,imene,maxnea,n
maxtou,qiriqirikapua,nox,n
te,mea,-,n
ngaxra,mangaia,i,n
ka,koxpae,koe,v
ka,ngatax,i,v
ruku,koxpuxpux,ex,n
texia,tuaxtau,-,n
tex,kave,nei,v
ki,roto,i,n
tuxranga,ngoxqie,qua,v
taxmaqiti,i,a,prep
-,ko,pepeqia,prep
qoki,ko,taratoa,prep
te,aronga,te,n
-,inangaro,-,v
tiki,i,te,prep
te,nux,ki,n
mario,para,ex,v
a,mere,-,n
-,vaqix,-,v
maqaniqia,i,te,prep
kua,poxqitirere,rava,v
toxku,manako,qanga,n
tua,kata,maxtou,v
kua,oti,textaqi,v
-,ki,a,prep
kua,maxqux,taxkiri,v
koe,i,taku,prep
te,punga,i,n
tei,runga,te,n
kia,qakariroqia,aia,v
ngaxqi,qakatoxqanga,paqix,n
kua,taxpaqopaqoa,texia,v
-,vaoqo,qua,v
ana,i,textaqi,prep
taro,i,vaqo,prep
mero,o,tox,prep
kia,tae,ki,v
kua,tuatua,qia,v
ka,ngatax,raxtou,v
pox,mua,-,n
qakamou,o,kura,prep
-,kaxre,au,v
e,roa,qua,v
texrax,tangata,-,n
raro,i,te,prep
meitaki,i,te,prep
vaka,ki,a,prep
qoxu,i,te,prep
au,qapinga,tei,n
te,kaiqanga,i,n
roto,i,toxna,prep
a,rarotonga,-,n
maxtou,kai,-,n
i,reira,-,n
tuaxtau,mua,-,n
texia,aronga,i,n
te,noqoqanga,kua,n
ka,qaxite,ax,v
tei,maxui,taeqanga,n
kua,tapa,qia,v
aronga,pakari,o,v
qei,imene,te,n
qapai,tokorua,o,n
tex,noqo,nei,v
manako,o,te,prep
te,paqi,taro,n
texia,paxqata,-,n
a,koitai,ex,n
te,ariki,i,n
runga,i,te,prep
apaina,piqa,ex,n
ko,tua,taqito,n
textaqi,qakaqaere,qoxu,n
tox,kae,-,n
i,runga,ake,n
kia,retita,koe,v
aia,i,te,prep
-,tuxtaka,-,v
tuatua,papaqax,tax,n
piripou,roa,kerekere,v
te,tux,-,n
qaere,meitaki,ki,v
kua,qaere,ki,v
-,ki,roto,prep
kua,tuxpaqu,atu,v
roto,i,te,prep
i,roto,i,n
a,muqu,tokerau,n
te,moe,-,n
rauka,i,te,prep
-,vaxnanga,-,v
qe,maxnea,texia,v
ki,runga,i,n
-,mei,te,prep
roto,i,te,prep
raxua,i,teianei,prep
a,ngaxra,-,n
-,qaxkaraqia,nei,v
poke,ki,te,prep
axkara,i,te,prep
kua,tuku,atu,v
qaxpiqi,taqi,-,n
nax,runga,i,n
a,kirikovi,-,n
kia,qaka,meitakiqia,n
koe,i,a,prep
ex,topa,te,v
toxna,pae,-,n
i,tuatua,ana,v
i,piki,e,n
raxtou,ngaxqi,qaxpiqipiqiqanga,n
te,poke,-,n
kua,mimia,e,v
te,kavamani,-,n
qei,tauturu,i,v
roto,i,reira,prep
qoki,a,te,prep
epetoma,i,muri,prep
mataqiti,ki,te,prep
taua,mea,tamaiti,n
te,vaka,i,n
raxua,i,te,prep
tei,roto,te,n
ngax,ika,max,n
texia,vaqine,kua,n
manganui,i,te,prep
te,army,-,n
au,quaxnga,-,n
ki,raro,kua,n
te,tuxqanga,o,n
ex,ki,te,prep
e,kau,koxrua,v
-,nox,textaqi,prep
te,ariki,o,n
qare,ki,ngax,prep
au,ariki,rava,n
qangaqanga,kino,te,v
taxkinga,meitaki,ana,v
reira,i,te,prep
ki,roto,i,n
raxtou,i,te,prep
ux,i,te,prep
kua,tuaru,atu,v
e,qinangaro,nei,n
-,i,te,prep
tex,qeva,ra,v
te,ua,-,n
-,ko,ia,prep
textaqi,paxrarax,-,n
ki,roto,i,n
te,qakaaxri,i,v
kua,paxpax,au,v
nux,ki,te,prep
-,kaxre,qe,v
kua,qexkoxkox,a,v
taxqau,qangaqanga-,-,n
te,tangata,i,n
tamariki,ki,te,prep
qe,qoxire,a,n
e,tae,atu,v
ei,ki,runga,prep
roto,i,taua,prep
ipukarea,o,tox,prep
tiki,i,reira,prep
kua,mate,te,v
-,ko,te,prep
-,kake,atu,v
toxna,taokete,ka,n
tanu-qanga,i,taku,prep
te,rave,i,v
te,qangaqanga,-,n
-,qaere,atu,v
ra,ki,runga,prep
qia,ki,a,prep
taxna,qakatereqanga,-,n
qaxkono,i,te,prep
moturiki,i,te,prep
raxua,i,tox,prep
tex,araxpox,nei,n
vaqine,pakari,rava,v
e,qax,puxruki,v
ka,qakaroaqia,te,v
maxui,taeqanga,atu,v
textaqi,minitiri,kex,n
ei,reira,koe,n
tei,maqaniqia,i,v
roto,i,toxqou,prep
kua,ui,atu,v
te,pakete,i,n
i,roto,i,n
a,mama,mere,n
-,kaxre,i,v
maxtou,i,runga,prep
te,i,te,prep
-,moana,-,n
ka,kanga,-,v
taxna,taxne,ko,n
e,ngatax,ana,v
oraqanga,o,te,prep
qua,qaere,au,v
qenua,nox,raxtou,prep
e,qapai,mai,v
mangaia,i,a,prep
oraqanga,o,te,prep
vaka,o,rata,prep
roto,i,te,prep
kua,qakatere,ki,v
o,texia,mataqiti,n
i,roto,i,n
pureruru,qixmene,varaire,n
tokorua,o,obama,prep
reira,i,roto,prep
i,tae,ake,n
kuki,airani,kaxtoatoa,n
poe,paxrau,-,n
kia,tika,-,v
meika,ki,roto,prep
maxtou,i,totoqu,prep
tex,noqo,nei,v
teina,o,rux,prep
tex,auex,na,v
mex,reira,-,n
-,ko,te,prep
ngaxqi,vai,-,n
kua,qeke,iꞌo,v
-,i,a,prep
-,ko,raxtou,prep
toxna,qare,a,n
a,mama,mere,n
-,kaxre,aia,v
ka,pexqipexqi,qua,v
te,poke,-,n
te,keiax,-,n
i,kai,ana,v
te,qiti,tangata,n
tangaroa,i,te,prep
taqi,taime,ka,n
au,i,roto,prep
a,tapairu,ariki,n
ia,ko,te,prep
te,taxrexrex,qaxpiqi,n
-,ki,roto,prep
-,tae,mai,v
qe,puxqaxpiqi,nox,n
o,kae,-,n
te,ua,ax,n
ko,vaeruarangi,ka,n
e,mimi,qua,v
te,raxrama,-,n
obama,i,texia,prep
te,tangata,i,n
te,ngaxqi,qakatoxqanga,n
te,kimi,qenua,v
-,mataora,au,v
toxqou,ingoa,-,n
tamariki,tamaxroa,ki,n
te,vai,e,n
mataqiti,i,toxna,prep
arataki,i,a,prep
a,maquke,-,n
i,tatau,qoki,v
rave,i,textaqi,prep
qaxpiqi,nuxmero,i,n
qua,aqo,aia,n
-,eiaqa,koe,v
runga,i,te,prep
toxna,atua,-,n
te,kai,-,n
kimi,i,te-mokoroa-i-ata,prep
te,moe,ex,v
ka,tatau,a,v
ngax,tamariki,ki,n
kua,qaere,atu,v
au,quriqia,ka,n
te,pae,o,n
te,qauri,ki,n
ko,qavaiki,textaqi,n
-,tuia,tox,v
ka,paxpaxia,te,v
texrax,qoxire,kia,n
rax,i,toxna,prep
kua,qakarongo,koe,v
runga,i,te,prep
te,vete,-,n
qei,qakaaxri,i,v
e,qatu,-,n
o,qakatokamanava,ex,n
te,vai,-,n
qoxire,ko,arorangi,prep
tuaxtau,mua,-,n
te,poke,-,n
qakairo,ora-qanga,-,n
moni,i,runga,prep
i,tae,ei,v
a,tangaroa,i,n
teariki,teau,kua,n
maqana,tapati,-,n
te,tangata,taxraqu,n
te,qenua,ko,n
-,noqo,ana,v
e,qakarongo,koe,v
te,uqiqarakaxkano,-,n
kua,tae,mai,v
te,puaka,-,n
a,qavaiki,kaxtoatoa,n
qe,manu,tangi,n
runga,i,texnax,prep
-,karanga,atu,v
te,vai,e,n
e,maxnea,a,v
runga,i,te,prep
-,mitiqaro,-,n
kotinga,tero,nox,n
vaqine,ki,roto,prep
nax,taqatai,-,n
qaxtuitui,tei,reira,prep
aia,i,te,prep
e,qakaputu,ana,v
te,kaxinga,o,n
te,pox,-,n
tere,i,te,prep
-,tei,qea,prep
ra,ki,tukinuku,prep
-,taqi,rua,v
qare,kai,-,n
o,rori,-,n
kua,qoe,qua,v
te,aqi,-,n
tuatua,kanga,mai,v
kauraro,ki,te,prep
ax-ku,i,roto,prep
qe,kai,taxqana,n
raxtou,ki,te,prep
aia,ki,reira,prep
te,qenua,i,n
te,kai,e,n
tangata,piripou,roa,n
kia,orana,moana,v
au,tuatua,qakakitekite,n
i,raro,i,n
texia,patiqanga,kia,n
tax,i,te,prep
aia,i,te,prep
-,nox,toko,prep
a,vaqo,-,n
ka,qangaqanga,a,v
te,qaxpiqi,nuxmero,n
ngax,tamariki,nox,n
a,boehner,-,n
i,reira,kua,n
teatuatima,i,texia,prep
-,naxku,i,n
toxku,i,roto,prep
ki,runga,i,n
e,varu,au,v
te,maxnga,-,n
e,peni,taxqau,n
e,noqo,ki,v
poke,ki,te,prep
ki,kox,i,n
texnax,qaxtava,-,n
i,taua,qapinga,n
mai,i,reira,prep
-,tauturu,-,n
raxtou,i,te,prep
mai,ki,te,prep
e,kite,atu,v
ia,o,te,prep
e,maxnea,tikaxi,v
aia,i,te,prep
te,reira,oire,n
te,vaka,kia,n
qoroqenua,e,te,prep
te,qakaqaereqanga,o,n
ko,qina,i,n
kia,qaka-tupua,i,v
taxna,paquqanga,-,n
kua,maxrie,atu,v
i,reira,maxtou,n
tai,koko,-,v
ki,runga,i,n
-,ko,textaqi,prep
-,kaxre,i,v
toxku,qei,poe,n
a,qataranga,-,n
kia,taqu,i,v
textaqi,rax,-,n
uiui,tuatua,ki,n
raxtou,qokotaqi,pox,n
ka,topa,qua,v
tex,moe,qua,v
au,piqa,-,n
runga,i,te,prep
kai-kai,i,rarotonga,prep
toxqou,ingoa,-,n
kua,paxpax-ia,te,v
-,ano,atu,v
nox,roto,mai,n
kia,manuia,koe,v
raxua,ki,taqatai,prep
quot,nax,qai,prep
auraka,pexnax,mex,v
ka,riro,mai,v
te,tangata,-,n
i,qaxraxvei,ana,v
qaxkono,i,te,prep
kua,kix,ia,v
te,one,ki,n
ko,ia,te,n
-,i,te,prep
maitu,i,a,prep
reira,imene,qei,n
roto,i,textaqi,prep
qakamaqore,i,te,prep
e,rave,-,v
karanga,i,reira,prep
tei,aqa,a,n
texia,tua,o,n
texia,tuaxtau,-,n
au,tangata,tei,n
te,kai,-,n
raxtou,ki,taqatai,prep
te,qenua,ki,n
toetoenga,o,mana,prep
toxna,kaxqiroqiro-qanga,i,n
i,qakakite,qia,v
mex,mare,raxtou,v
ki,runga,i,n
qaxmama,qaxore,i,v
rua,meika,mario,n
te,reira,imene,n
tei,vaxere,qoki,v
tikaxi,ax,konei,prep
qenua,ki,tox,prep
kua,qati,roa,v
pure,qanga,ki,n
tapairu,ariki,ex,n
qenua,mamaqata,ake,v
-,aere,atu,v
te,qaxpiqi,taqi,n
qenua,i,raro,prep
ki,uta,-,n
kua,kite,ana,v
raxua,noqoqanga,-,n
i,roto,i,n
nox,texia,nei,n
e,topa,-,v
a,ruaxriki,mex,n
ex,ko,texia,prep
te,qaere,-,v
te,qenua,i,n
qei,rave,i,v
ko,rarotonga,-,n
o,rux,i,n
nax,tuxqanga,e,n
mex,qaxrarau,koe,v
ana,ki,te,prep
mario,para,ex,v
te,poxro,-,n
mai,ai,te,n
tuaxtau,kaiqanga,kava,n
pux,qara,tai,n
atu,i,roto,prep
nei,i,te,prep
kua,qaere,atu,v
-,tei,qea,prep
ngaxkau,i,te,prep
te,ariki,-,n
te,tiopu,vaivai,n
ka,ruaki,raxtou,n
i,titikaveka,then,n
vaqine,i,a,prep
e,auraka,e,v
te,nux,-,n
nox,reira,-,n
ki,roto,i,n
mex,motu,ia,v
mai,ki,a,prep
nox,qea,mai,n
-,axpoxpox,-,n
e,kai,ana,v
-,tei,roto,prep
raxtou,i,te,prep
roto,i,te,prep
atu,ki,aia,prep
tex,kai,nei,v
te,puka,ki,n
e,tunu,ana,v
a,maui-muri,-,n
te,vaka,e,n
i,roto,i,n
te,qenua,-,n
reira,taime,-,n
muqu,tonga,kua,n
ngaxkau,i,te,prep
-,texiaqa,qoki,v
qakatoro,i,te,prep
taqunga,pure,qanga,n
qare,koxrero,o,n
te,tuxranga,ngoxqie,n
ko,qenua,pareqau,n
taxtou,i,textaqi,prep
puka,maxnea,te,v
kua,mangiox,tikaxi,v
e,mere,-,n
tuatua,ki,axku,prep
a,mana,-,n
reira,oire,-,n
vaka,i,te,prep
koe,i,exnax,prep
te,katoatoa,i,n
te,tuatau,taqito,n
toxna,noqoqanga,ki,n
kax,tux,-,v
-,qoki,mai,v
ki,mua,-,n
maxtou,kaxtoatoa,i,n
tamaki,nox,te,prep
te,paxrimani,-,n
kua,pexrax,qaere,v
te,taqunga,pure,n
paqa,i,a,prep
tex,tux,nei,v
ki,roto,i,n
kua,mataora,toxna,v
ka,toru,-,v
tunu,kai,-,n
-,kaxre,a,v
toxqou,vaevae,-,n
-,nax,na,prep
base,maxnea,roa,v
te,vai,-,n
kua,taxtixpokiqia,te,v
-,nox,te,prep
roto,i,te,prep
te,kore,roa,v
te,pupu,rua,n
texia,mataqiti,i,n
totoqu,i,roto,prep
ki,tukinuku,-,n
i,reira,taua,n
-,kaxre,koe,v
i,pux,ei,n
taxna,i,rave,prep
qua,i,reira,prep
i,puxruki,qia,v
au,qangaqanga,taxna,n
a,tiakana,nuraanga,n
puxruki,i,toxna,prep
teia,rax,-,n
taxiaqanga,o,kae,prep
kai,i,te,prep
koe,ki,runga,prep
te,taxrexrex,maxqine,n
ki,vaqo,ake,n
-,nax,raxtou,prep
te,puxqaxpiqi,-,n
varaire,maqana,tapati,n
kex,i,roto,prep
kua,qixpana,ngaro,v
ki,vaqo,-,n
tuatau,taqito,-,n
kua,quna,iqo,v
tau,nox,te,prep
a,maui-mua,-,n
tux,o,te,prep
mai,i,te,prep
reira,i,texrax,prep
kia,kaxpiki,raxua,v
e,qakaqaqano,i,v
qakamaroqiroqiqanga,a,te,prep
-,apaina,te,v
tero,nox,te,prep
tamaiti,mataxmua,a,n
te,tika,-,n
ko,ureqia,ex,n
e,qaxpiqi,qia,v
toxna,metua,ki,n
ia,o,tu,prep
kua,rere,iqo,v
te,taiki,-,n
te,tuaxtau,kaiqanga,n
moxari,ki,runga,prep
au,mea,te,n
au,nox,te,prep
rax,ki,mua,prep
qua,ravea,qakaqou,v
textaqi,tua,kata,n
ka,qapai,katoa,v
-,montex,maqanapiti,n
qakateretere,i,te,prep
te,komakoma,kaxpiti,n
-,qapai,te,v
mere,i,te,prep
kua,tuku,te,v
nox,roto,mai,n
tei,maxkaqia,e,v
aia,ki,raro,prep
raxua,qenua,ki,n
tangata,i,te,prep
nuxmero,i,texia,prep
te,qare,koxrero,n
ka,qaere,raxua,v
e,tuku,atu,v
te,qare,-,n
te,motu,-,n
te,rangi,-,n
i,runga,i,n
textaqi,rax,i,n
ki,qavaiki,-,n
i,nax,rima,prep
au,i,toxku,prep
te,kimi,ika,v
e,qakaoraqia,tox,v
moni,toe,kia,v
pexnei,oti,paqa,v
vaqine,maxnea,o,v
komakoma,kaxpiti,i,n
tangata,i,texia,prep
-,pexrax,te,v
te,nuti,mataora,n
i,vaqo,inanaqi,n
aia,i,te,prep
pae,o,tax,prep
qakatangiqanga,i,te,prep
-,taqi,ngaquru,v
tamaxroa,ki,roto,prep
maxtou,ki,avarua,prep
kax,pexti,-,v
te,kuki,airani,n
paqa,i,a,prep
kia,kore,e,v
qax,puxruki,i,n
taxmou,ngaxkau,-,n
ex,tei,roto,prep
te,tamariki,-,n
e,aqa,-,n
ki,runga,i,n
punga,i,roto,prep
te,puaka,-,n
tex,vai,atu,v
nei,qenua,matoqa,n
textaqi,imene,-,n
maxtou,i,te,prep
a,teatuatima,i,n
ka,qakapexqea,mex,v
mario,raxnuinui,-,v
toxna,qau,-,n
i,te-mokoroa-i-ata,-,n
o,akaina,i,n
raxtou,kie,ex,n
kutu,ki,vaqo,prep
e,kimi,ana,v
i,runga,i,n
atu,i,textaqi,prep
mex,kaxre,e,v
tioxpu,vaivai,-,v
mama,mere,te,n
te,papa,i,n
toxku,ingoa,-,n
ko,paremoremo,-,n
tox,tapairu,ariki,n
-,poxpongi,-,n
atu,ki,mitiqaro,prep
e,takirua,koe,v
taxrexrex,qaxpiqi,o,n
te,nexneva,raxi,n
-,ko,te,prep
-,ko,ia,prep
au,nuti,pepa,n
atu,i,te,prep
reira,tuaxtau,mai,n
qoko,qitu,-,n
te,qiti-tangata,-,n
e,mere,-,n
mex,mako,te,v
-,i,te,prep
e,repo,-,v
taxtou,reo,-,n
te,tuatua,i,n
maxtou,i,reira,prep
qe,maqata,qua,v
tei,roto,raxi,n
te,toka,-,n
i,vaqo,inanaqi,n
te,maqata,i,n
axpoxpox,qaere,raxtou,v
vaqa,qakatereqau,o,n
kua,kainga,te,v
te,vaqine,taxna,n
au,qenua,qoxu,n
a,roto,i,n
raxua,ux,i,n
tuaxtau,rangimarie,-,n
-,kuru,ex,n
te,qixqiri,ex,n
maxua,qare,mokopuna,n
te,poke,-,n
noqoqanga,ki,new,prep
ki,tuatea,-,n
i,taia,qia,v
kua,tanu,aia,v
te,mato,-,n
puxqaxpiqi,nox,te,prep
tex,tux,ra,v
kiteqanga,o,akaina,prep
tex,raupax,nei,n
te,tungaxne,-,n
ra,mei,uta,prep
te,tatau,puka,v
ra,mei,textaqi,prep
tamaki,i,reira,prep
tex,qaere,nei,v
-,pererau,-,n
tuxqia,e,te,prep
e,kix,qua,v
-,tiare,-,n
te,tux,o,n
ka,paxpax,au,v
qangaqanga,mua,taxna,n
axe,tei,kox,prep
raxtou,vaka,ki,n
ana,nox,te,prep
ki,avarua,-,n
te,qorometua,i,n
te,koxpux,kua,n
roto,i,te,prep
kua,tanu,a,v
qenua,qoxu,i,v
kua,kai,raxtou,v
te,qakairo,ora-qanga,n
ki,rapanui,-,n
qauri,ki,runga,prep
riri,i,te,prep
toxku,uxpoko,-,n
te,qaxkara,tika,v
raxua,ko,toxna,prep
puaka,pix,kua,v
-,ko,qai,prep
te,tixvaivai,-,n
te,taxne,tikaxi,n
i,puxqaxpiqi,katoa,v
ki,roto,i,n
kua,rave,i,v
-,tei,te,prep
qoki,ko,te,prep
kua,qakakite,mai,v
roto,i,te,prep
-,ma,te,prep
roto,i,te,prep
ki,vaqo,-,n
pox,ki,reira,prep
roa,kerekere,-,v
raxua,i,te,prep
ka,tamaki,te,v
kia,poxpongi,ake,v
mei,reira,i,n
te,tai,-,n
e,toru,ana,v
nax,qai,i,n
qorometua,i,tae,prep
te,koxpux,o,n
te,opati,kia,n
reo,tahiti,i,n
tex,ora,raxi,v
ki,roto,-,n
i,tuatuaqia,ai,v
ki,qavaiki,-,n
toxqou,mataqiti,ki,n
a,kiu,i,n
tahiti,i,te,prep
kua,kix,i,v
a,mata,ex,n
ki,runga,-,n
qe,taxqana,tax,v
qe,tuputupuax,te,n
kimi,ika,-,n
kua,ako,aia,v
kai,i,te,prep
e,tunu,kai,v
taxqangaqanga,meitaki,i,v
ki,taqatai,-,n
kua,inu,rapurapu,v
atu,ki,te,prep
nox,obama,i,n
maxqine,tiare,o,n
ka,qinangaro,maxtou,v
-,ko,te,prep
nax,roto,i,n
paxtikara,matixni,-,n
tanu,kai,-,n
toe,i,kox,prep
te,makaqatu,-,n
qakatoxqanga,paqix,rere,n
qaere,ki,qea,prep
ka,pati,roa,v
te,mana,i,n
ko,mariri,toxna,n
paxtikara,matixni,-,n
manako,qanga,-,n
kaxinga,ma,te,prep
aronga,i,tox,prep
-,ki,roto,prep
qe,meitaki,toxna,v
-,i,te,prep
ia,anake,i,n
maqata,i,tox,prep
kua,qaere,mai,v
toxna,qakaruke-qanga,i,n
te,kai,kua,n
pupu,rua,-,v
kua,viviki,te,v
e,tangi,ana,v
viviki,qakaqou,taxtou,v
mai,i,roto,prep
e,tauturu,ana,v
ra,i,a,prep
ia,kaxinga,i,n
-,tangata,-,n
taua,tangata,ki,n
te,raxkau,-,n
-,maxnea,te,v
montex,maqanapiti,pureruru,n
te,noqoqanga,-,n
tuatua,nox,tox,prep
ra,i,tox,prep
e,rauka,a,v
aia,i,taua,prep
katoa,i,tox,prep
inaxrax,ko,te,prep
puqa,kaxkaqu,-,n
ngax,rax,ki,n
qe,nui,qua,v
te,tangata,ruku,n
mexmeitaki,anake,tax,n
-,ki,roto,prep
i,reira,ki,n
toxna,ingoa,-,n